"movie","subject"
"http://dbpedia.org/resource/Taxi_Driver","http://dbpedia.org/resource/Category:1970s_thriller_films"
"http://dbpedia.org/resource/Taxi_Driver","http://dbpedia.org/resource/Category:1976_films"
"http://dbpedia.org/resource/Taxi_Driver","http://dbpedia.org/resource/Category:Arista_Records_soundtracks"
"http://dbpedia.org/resource/Taxi_Driver","http://dbpedia.org/resource/Category:Attempted_assassination_of_Ronald_Reagan"
"http://dbpedia.org/resource/Taxi_Driver","http://dbpedia.org/resource/Category:Bernard_Herrmann_albums"
"http://dbpedia.org/resource/Taxi_Driver","http://dbpedia.org/resource/Category:Films_about_child_prostitution"
"http://dbpedia.org/resource/Taxi_Driver","http://dbpedia.org/resource/Category:Films_about_taxicabs"
"http://dbpedia.org/resource/Taxi_Driver","http://dbpedia.org/resource/Category:Films_produced_by_Julia_Phillips"
"http://dbpedia.org/resource/Taxi_Driver","http://dbpedia.org/resource/Category:Films_produced_by_Michael_Phillips_(producer)"
"http://dbpedia.org/resource/Taxi_Driver","http://dbpedia.org/resource/Category:Palme_d'Or_winners"
"http://dbpedia.org/resource/Taxi_Driver","http://dbpedia.org/resource/Category:Vigilante_films"
"http://dbpedia.org/resource/Taxi_Driver","http://dbpedia.org/resource/Category:1970s_crime_drama_films"
"http://dbpedia.org/resource/Taxi_Driver","http://dbpedia.org/resource/Category:1998_soundtracks"
"http://dbpedia.org/resource/Taxi_Driver","http://dbpedia.org/resource/Category:American_crime_drama_films"
"http://dbpedia.org/resource/Taxi_Driver","http://dbpedia.org/resource/Category:American_films"
"http://dbpedia.org/resource/Taxi_Driver","http://dbpedia.org/resource/Category:American_thriller_films"
"http://dbpedia.org/resource/Taxi_Driver","http://dbpedia.org/resource/Category:BAFTA_winners_(films)"
"http://dbpedia.org/resource/Taxi_Driver","http://dbpedia.org/resource/Category:Columbia_Pictures_films"
"http://dbpedia.org/resource/Taxi_Driver","http://dbpedia.org/resource/Category:English-language_films"
"http://dbpedia.org/resource/Taxi_Driver","http://dbpedia.org/resource/Category:Film_scores_by_Bernard_Herrmann"
"http://dbpedia.org/resource/Taxi_Driver","http://dbpedia.org/resource/Category:Film_soundtracks"
"http://dbpedia.org/resource/Taxi_Driver","http://dbpedia.org/resource/Category:Films_directed_by_Martin_Scorsese"
"http://dbpedia.org/resource/Taxi_Driver","http://dbpedia.org/resource/Category:Films_set_in_New_York_City"
"http://dbpedia.org/resource/Taxi_Driver","http://dbpedia.org/resource/Category:Films_shot_in_New_York_City"
"http://dbpedia.org/resource/Taxi_Driver","http://dbpedia.org/resource/Category:Neo-noir"
"http://dbpedia.org/resource/Taxi_Driver","http://dbpedia.org/resource/Category:Psychological_thriller_films"
"http://dbpedia.org/resource/Taxi_Driver","http://dbpedia.org/resource/Category:Screenplays_by_Paul_Schrader"
"http://dbpedia.org/resource/Taxi_Driver","http://dbpedia.org/resource/Category:United_States_National_Film_Registry_films"
"http://dbpedia.org/resource/The_Age_of_Innocence_(1993_film)","http://dbpedia.org/resource/Category:Film_scores_by_Elmer_Bernstein"
"http://dbpedia.org/resource/The_Age_of_Innocence_(1993_film)","http://dbpedia.org/resource/Category:Screenplays_by_Jay_Cocks"
"http://dbpedia.org/resource/The_Age_of_Innocence_(1993_film)","http://dbpedia.org/resource/Category:Historical_romance_films"
"http://dbpedia.org/resource/The_Age_of_Innocence_(1993_film)","http://dbpedia.org/resource/Category:Troy,_New_York"
"http://dbpedia.org/resource/The_Age_of_Innocence_(1993_film)","http://dbpedia.org/resource/Category:1990s_romantic_drama_films"
"http://dbpedia.org/resource/The_Age_of_Innocence_(1993_film)","http://dbpedia.org/resource/Category:1993_films"
"http://dbpedia.org/resource/The_Age_of_Innocence_(1993_film)","http://dbpedia.org/resource/Category:American_films"
"http://dbpedia.org/resource/The_Age_of_Innocence_(1993_film)","http://dbpedia.org/resource/Category:American_romantic_drama_films"
"http://dbpedia.org/resource/The_Age_of_Innocence_(1993_film)","http://dbpedia.org/resource/Category:Columbia_Pictures_films"
"http://dbpedia.org/resource/The_Age_of_Innocence_(1993_film)","http://dbpedia.org/resource/Category:English-language_films"
"http://dbpedia.org/resource/The_Age_of_Innocence_(1993_film)","http://dbpedia.org/resource/Category:Films_based_on_American_novels"
"http://dbpedia.org/resource/The_Age_of_Innocence_(1993_film)","http://dbpedia.org/resource/Category:Films_directed_by_Martin_Scorsese"
"http://dbpedia.org/resource/The_Age_of_Innocence_(1993_film)","http://dbpedia.org/resource/Category:Films_featuring_a_Best_Supporting_Actress_Golden_Globe-winning_performance"
"http://dbpedia.org/resource/The_Age_of_Innocence_(1993_film)","http://dbpedia.org/resource/Category:Films_set_in_New_York_City"
"http://dbpedia.org/resource/The_Age_of_Innocence_(1993_film)","http://dbpedia.org/resource/Category:Films_set_in_the_1870s"
"http://dbpedia.org/resource/The_Age_of_Innocence_(1993_film)","http://dbpedia.org/resource/Category:Films_set_in_the_1890s"
"http://dbpedia.org/resource/The_Age_of_Innocence_(1993_film)","http://dbpedia.org/resource/Category:Films_shot_in_New_York_City"
"http://dbpedia.org/resource/The_Age_of_Innocence_(1993_film)","http://dbpedia.org/resource/Category:Films_that_won_the_Best_Costume_Design_Academy_Award"
"http://dbpedia.org/resource/The_Age_of_Innocence_(1993_film)","http://dbpedia.org/resource/Category:Romantic_period_films"
"http://dbpedia.org/resource/The_Age_of_Innocence_(1993_film)","http://dbpedia.org/resource/Category:Films_set_in_the_Victorian_era"
"http://dbpedia.org/resource/The_Age_of_Innocence_(1993_film)","http://dbpedia.org/resource/Category:Films_based_on_works_by_Edith_Wharton"
"http://dbpedia.org/resource/The_Color_of_Money","http://dbpedia.org/resource/Category:Films_shot_in_Chicago"
"http://dbpedia.org/resource/The_Color_of_Money","http://dbpedia.org/resource/Category:Cue_sports_films_and_television"
"http://dbpedia.org/resource/The_Color_of_Money","http://dbpedia.org/resource/Category:Screenplays_by_Richard_Price_(writer)"
"http://dbpedia.org/resource/The_Color_of_Money","http://dbpedia.org/resource/Category:Films_shot_in_Atlantic_City,_New_Jersey"
"http://dbpedia.org/resource/The_Color_of_Money","http://dbpedia.org/resource/Category:1980s_drama_films"
"http://dbpedia.org/resource/The_Color_of_Money","http://dbpedia.org/resource/Category:1980s_sequel_films"
"http://dbpedia.org/resource/The_Color_of_Money","http://dbpedia.org/resource/Category:1986_films"
"http://dbpedia.org/resource/The_Color_of_Money","http://dbpedia.org/resource/Category:American_drama_films"
"http://dbpedia.org/resource/The_Color_of_Money","http://dbpedia.org/resource/Category:American_films"
"http://dbpedia.org/resource/The_Color_of_Money","http://dbpedia.org/resource/Category:Color_sequels_of_black-and-white_films"
"http://dbpedia.org/resource/The_Color_of_Money","http://dbpedia.org/resource/Category:Films_based_on_American_novels"
"http://dbpedia.org/resource/The_Color_of_Money","http://dbpedia.org/resource/Category:Films_directed_by_Martin_Scorsese"
"http://dbpedia.org/resource/The_Color_of_Money","http://dbpedia.org/resource/Category:Films_featuring_a_Best_Actor_Academy_Award-winning_performance"
"http://dbpedia.org/resource/The_Color_of_Money","http://dbpedia.org/resource/Category:Gambling_films"
"http://dbpedia.org/resource/The_Color_of_Money","http://dbpedia.org/resource/Category:Touchstone_Pictures_films"
"http://dbpedia.org/resource/George_Harrison:_Living_in_the_Material_World","http://dbpedia.org/resource/Category:BBC_Films_films"
"http://dbpedia.org/resource/George_Harrison:_Living_in_the_Material_World","http://dbpedia.org/resource/Category:Documentary_films_about_the_Beatles"
"http://dbpedia.org/resource/George_Harrison:_Living_in_the_Material_World","http://dbpedia.org/resource/Category:British_biographical_films"
"http://dbpedia.org/resource/George_Harrison:_Living_in_the_Material_World","http://dbpedia.org/resource/Category:British_films"
"http://dbpedia.org/resource/George_Harrison:_Living_in_the_Material_World","http://dbpedia.org/resource/Category:English-language_films"
"http://dbpedia.org/resource/George_Harrison:_Living_in_the_Material_World","http://dbpedia.org/resource/Category:Films_directed_by_Martin_Scorsese"
"http://dbpedia.org/resource/George_Harrison:_Living_in_the_Material_World","http://dbpedia.org/resource/Category:George_Harrison"
"http://dbpedia.org/resource/George_Harrison:_Living_in_the_Material_World","http://dbpedia.org/resource/Category:2011_films"
"http://dbpedia.org/resource/A_Letter_to_Elia","http://dbpedia.org/resource/Category:2010_films"
"http://dbpedia.org/resource/A_Letter_to_Elia","http://dbpedia.org/resource/Category:American_documentary_films"
"http://dbpedia.org/resource/A_Letter_to_Elia","http://dbpedia.org/resource/Category:American_films"
"http://dbpedia.org/resource/A_Letter_to_Elia","http://dbpedia.org/resource/Category:English-language_films"
"http://dbpedia.org/resource/A_Letter_to_Elia","http://dbpedia.org/resource/Category:Films_directed_by_Martin_Scorsese"
"http://dbpedia.org/resource/A_Letter_to_Elia","http://dbpedia.org/resource/Category:Documentary_films_about_film_directors_and_producers"
"http://dbpedia.org/resource/A_Letter_to_Elia","http://dbpedia.org/resource/Category:2010s_documentary_films"
"http://dbpedia.org/resource/After_Hours_(film)","http://dbpedia.org/resource/Category:1985_films"
"http://dbpedia.org/resource/After_Hours_(film)","http://dbpedia.org/resource/Category:Film_scores_by_Howard_Shore"
"http://dbpedia.org/resource/After_Hours_(film)","http://dbpedia.org/resource/Category:1980s_comedy_films"
"http://dbpedia.org/resource/After_Hours_(film)","http://dbpedia.org/resource/Category:American_black_comedy_films"
"http://dbpedia.org/resource/After_Hours_(film)","http://dbpedia.org/resource/Category:American_films"
"http://dbpedia.org/resource/After_Hours_(film)","http://dbpedia.org/resource/Category:American_independent_films"
"http://dbpedia.org/resource/After_Hours_(film)","http://dbpedia.org/resource/Category:English-language_films"
"http://dbpedia.org/resource/After_Hours_(film)","http://dbpedia.org/resource/Category:Films_directed_by_Martin_Scorsese"
"http://dbpedia.org/resource/After_Hours_(film)","http://dbpedia.org/resource/Category:Films_set_in_New_York_City"
"http://dbpedia.org/resource/After_Hours_(film)","http://dbpedia.org/resource/Category:Independent_Spirit_Award_for_Best_Film_winners"
"http://dbpedia.org/resource/After_Hours_(film)","http://dbpedia.org/resource/Category:Warner_Bros._films"
"http://dbpedia.org/resource/After_Hours_(film)","http://dbpedia.org/resource/Category:The_Geffen_Film_Company_films"
"http://dbpedia.org/resource/Cape_Fear_(1991_film)","http://dbpedia.org/resource/Category:1990s_crime_thriller_films"
"http://dbpedia.org/resource/Cape_Fear_(1991_film)","http://dbpedia.org/resource/Category:1990s_psychological_thriller_films"
"http://dbpedia.org/resource/Cape_Fear_(1991_film)","http://dbpedia.org/resource/Category:Film_scores_by_Elmer_Bernstein"
"http://dbpedia.org/resource/Cape_Fear_(1991_film)","http://dbpedia.org/resource/Category:Films_about_families"
"http://dbpedia.org/resource/Cape_Fear_(1991_film)","http://dbpedia.org/resource/Category:Films_about_rape"
"http://dbpedia.org/resource/Cape_Fear_(1991_film)","http://dbpedia.org/resource/Category:Films_about_stalking"
"http://dbpedia.org/resource/Cape_Fear_(1991_film)","http://dbpedia.org/resource/Category:Films_shot_in_Florida"
"http://dbpedia.org/resource/Cape_Fear_(1991_film)","http://dbpedia.org/resource/Category:Films_set_in_North_Carolina"
"http://dbpedia.org/resource/Cape_Fear_(1991_film)","http://dbpedia.org/resource/Category:1991_films"
"http://dbpedia.org/resource/Cape_Fear_(1991_film)","http://dbpedia.org/resource/Category:Amblin_Entertainment_films"
"http://dbpedia.org/resource/Cape_Fear_(1991_film)","http://dbpedia.org/resource/Category:American_crime_thriller_films"
"http://dbpedia.org/resource/Cape_Fear_(1991_film)","http://dbpedia.org/resource/Category:American_films"
"http://dbpedia.org/resource/Cape_Fear_(1991_film)","http://dbpedia.org/resource/Category:English-language_films"
"http://dbpedia.org/resource/Cape_Fear_(1991_film)","http://dbpedia.org/resource/Category:Films_about_psychopaths"
"http://dbpedia.org/resource/Cape_Fear_(1991_film)","http://dbpedia.org/resource/Category:Films_about_revenge"
"http://dbpedia.org/resource/Cape_Fear_(1991_film)","http://dbpedia.org/resource/Category:Films_based_on_American_novels"
"http://dbpedia.org/resource/Cape_Fear_(1991_film)","http://dbpedia.org/resource/Category:Films_based_on_thriller_novels"
"http://dbpedia.org/resource/Cape_Fear_(1991_film)","http://dbpedia.org/resource/Category:Films_directed_by_Martin_Scorsese"
"http://dbpedia.org/resource/Cape_Fear_(1991_film)","http://dbpedia.org/resource/Category:Films_shot_in_California"
"http://dbpedia.org/resource/Cape_Fear_(1991_film)","http://dbpedia.org/resource/Category:Universal_Pictures_films"
"http://dbpedia.org/resource/Cape_Fear_(1991_film)","http://dbpedia.org/resource/Category:American_film_remakes"
"http://dbpedia.org/resource/Cape_Fear_(1991_film)","http://dbpedia.org/resource/Category:American_thriller_drama_films"
"http://dbpedia.org/resource/Cape_Fear_(1991_film)","http://dbpedia.org/resource/Category:Films_about_lawyers"
"http://dbpedia.org/resource/Cape_Fear_(1991_film)","http://dbpedia.org/resource/Category:Films_shot_in_Georgia_(U.S._state)"
"http://dbpedia.org/resource/Cape_Fear_(1991_film)","http://dbpedia.org/resource/Category:Horror_film_remakes"
"http://dbpedia.org/resource/Cape_Fear_(1991_film)","http://dbpedia.org/resource/Category:Southern_Gothic_films"
"http://dbpedia.org/resource/Cape_Fear_(1991_film)","http://dbpedia.org/resource/Category:American_legal_films"
"http://dbpedia.org/resource/New_York,_New_York_(1977_film)","http://dbpedia.org/resource/Category:1977_films"
"http://dbpedia.org/resource/New_York,_New_York_(1977_film)","http://dbpedia.org/resource/Category:American_musical_drama_films"
"http://dbpedia.org/resource/New_York,_New_York_(1977_film)","http://dbpedia.org/resource/Category:American_romantic_musical_films"
"http://dbpedia.org/resource/New_York,_New_York_(1977_film)","http://dbpedia.org/resource/Category:1970s_romantic_drama_films"
"http://dbpedia.org/resource/New_York,_New_York_(1977_film)","http://dbpedia.org/resource/Category:1970s_musical_films"
"http://dbpedia.org/resource/New_York,_New_York_(1977_film)","http://dbpedia.org/resource/Category:American_films"
"http://dbpedia.org/resource/New_York,_New_York_(1977_film)","http://dbpedia.org/resource/Category:American_romantic_drama_films"
"http://dbpedia.org/resource/New_York,_New_York_(1977_film)","http://dbpedia.org/resource/Category:English-language_films"
"http://dbpedia.org/resource/New_York,_New_York_(1977_film)","http://dbpedia.org/resource/Category:Films_about_music_and_musicians"
"http://dbpedia.org/resource/New_York,_New_York_(1977_film)","http://dbpedia.org/resource/Category:Films_about_race_and_ethnicity"
"http://dbpedia.org/resource/New_York,_New_York_(1977_film)","http://dbpedia.org/resource/Category:Films_directed_by_Martin_Scorsese"
"http://dbpedia.org/resource/New_York,_New_York_(1977_film)","http://dbpedia.org/resource/Category:Films_produced_by_Irwin_Winkler"
"http://dbpedia.org/resource/New_York,_New_York_(1977_film)","http://dbpedia.org/resource/Category:Films_produced_by_Robert_Chartoff"
"http://dbpedia.org/resource/New_York,_New_York_(1977_film)","http://dbpedia.org/resource/Category:Films_set_in_New_York_City"
"http://dbpedia.org/resource/New_York,_New_York_(1977_film)","http://dbpedia.org/resource/Category:Films_set_in_the_1940s"
"http://dbpedia.org/resource/New_York,_New_York_(1977_film)","http://dbpedia.org/resource/Category:Films_shot_in_Los_Angeles"
"http://dbpedia.org/resource/New_York,_New_York_(1977_film)","http://dbpedia.org/resource/Category:Films_shot_in_New_York_City"
"http://dbpedia.org/resource/New_York,_New_York_(1977_film)","http://dbpedia.org/resource/Category:Metafictional_works"
"http://dbpedia.org/resource/New_York,_New_York_(1977_film)","http://dbpedia.org/resource/Category:United_Artists_films"
"http://dbpedia.org/resource/New_York,_New_York_(1977_film)","http://dbpedia.org/resource/Category:World_War_II_films"
"http://dbpedia.org/resource/New_York,_New_York_(1977_film)","http://dbpedia.org/resource/Category:Liza_Minnelli_soundtracks"
"http://dbpedia.org/resource/The_Audition_(2015_film)","http://dbpedia.org/resource/Category:2015_films"
"http://dbpedia.org/resource/The_Audition_(2015_film)","http://dbpedia.org/resource/Category:American_films"
"http://dbpedia.org/resource/The_Audition_(2015_film)","http://dbpedia.org/resource/Category:English-language_films"
"http://dbpedia.org/resource/The_Audition_(2015_film)","http://dbpedia.org/resource/Category:Short_films_directed_by_Martin_Scorsese"
"http://dbpedia.org/resource/The_Audition_(2015_film)","http://dbpedia.org/resource/Category:American_short_films"
"http://dbpedia.org/resource/The_Audition_(2015_film)","http://dbpedia.org/resource/Category:2010s_short_films"
"http://dbpedia.org/resource/No_Direction_Home","http://dbpedia.org/resource/Category:2000s_documentary_films"
"http://dbpedia.org/resource/No_Direction_Home","http://dbpedia.org/resource/Category:Peabody_Award-winning_broadcasts"
"http://dbpedia.org/resource/No_Direction_Home","http://dbpedia.org/resource/Category:Films_directed_by_Martin_Scorsese"
"http://dbpedia.org/resource/No_Direction_Home","http://dbpedia.org/resource/Category:Films_about_Bob_Dylan"
"http://dbpedia.org/resource/No_Direction_Home","http://dbpedia.org/resource/Category:Rockumentaries"
"http://dbpedia.org/resource/No_Direction_Home","http://dbpedia.org/resource/Category:Grammy_Award_for_Best_Long_Form_Music_Video"
"http://dbpedia.org/resource/No_Direction_Home","http://dbpedia.org/resource/Category:BBC_television_documentaries"
"http://dbpedia.org/resource/No_Direction_Home","http://dbpedia.org/resource/Category:2005_television_films"
"http://dbpedia.org/resource/No_Direction_Home","http://dbpedia.org/resource/Category:American_Masters_films"
"http://dbpedia.org/resource/Mean_Streets","http://dbpedia.org/resource/Category:1970s_crime_drama_films"
"http://dbpedia.org/resource/Mean_Streets","http://dbpedia.org/resource/Category:1973_films"
"http://dbpedia.org/resource/Mean_Streets","http://dbpedia.org/resource/Category:American_crime_drama_films"
"http://dbpedia.org/resource/Mean_Streets","http://dbpedia.org/resource/Category:American_drama_films"
"http://dbpedia.org/resource/Mean_Streets","http://dbpedia.org/resource/Category:American_films"
"http://dbpedia.org/resource/Mean_Streets","http://dbpedia.org/resource/Category:Films_directed_by_Martin_Scorsese"
"http://dbpedia.org/resource/Mean_Streets","http://dbpedia.org/resource/Category:Films_set_in_New_York_City"
"http://dbpedia.org/resource/Mean_Streets","http://dbpedia.org/resource/Category:Films_shot_in_New_York_City"
"http://dbpedia.org/resource/Mean_Streets","http://dbpedia.org/resource/Category:Mafia_films"
"http://dbpedia.org/resource/Mean_Streets","http://dbpedia.org/resource/Category:United_States_National_Film_Registry_films"
"http://dbpedia.org/resource/Mean_Streets","http://dbpedia.org/resource/Category:Warner_Bros._films"
"http://dbpedia.org/resource/Raging_Bull","http://dbpedia.org/resource/Category:1980_films"
"http://dbpedia.org/resource/Raging_Bull","http://dbpedia.org/resource/Category:1980s_biographical_films"
"http://dbpedia.org/resource/Raging_Bull","http://dbpedia.org/resource/Category:1980s_drama_films"
"http://dbpedia.org/resource/Raging_Bull","http://dbpedia.org/resource/Category:1980s_sports_films"
"http://dbpedia.org/resource/Raging_Bull","http://dbpedia.org/resource/Category:American_biographical_films"
"http://dbpedia.org/resource/Raging_Bull","http://dbpedia.org/resource/Category:American_black-and-white_films"
"http://dbpedia.org/resource/Raging_Bull","http://dbpedia.org/resource/Category:American_films"
"http://dbpedia.org/resource/Raging_Bull","http://dbpedia.org/resource/Category:American_sports_films"
"http://dbpedia.org/resource/Raging_Bull","http://dbpedia.org/resource/Category:BAFTA_winners_(films)"
"http://dbpedia.org/resource/Raging_Bull","http://dbpedia.org/resource/Category:Biographical_films_about_sportspeople"
"http://dbpedia.org/resource/Raging_Bull","http://dbpedia.org/resource/Category:Boxing_films"
"http://dbpedia.org/resource/Raging_Bull","http://dbpedia.org/resource/Category:English-language_films"
"http://dbpedia.org/resource/Raging_Bull","http://dbpedia.org/resource/Category:Films_about_Italian-American_culture"
"http://dbpedia.org/resource/Raging_Bull","http://dbpedia.org/resource/Category:Films_based_on_biographies"
"http://dbpedia.org/resource/Raging_Bull","http://dbpedia.org/resource/Category:Films_directed_by_Martin_Scorsese"
"http://dbpedia.org/resource/Raging_Bull","http://dbpedia.org/resource/Category:Films_featuring_a_Best_Actor_Academy_Award-winning_performance"
"http://dbpedia.org/resource/Raging_Bull","http://dbpedia.org/resource/Category:Films_featuring_a_Best_Drama_Actor_Golden_Globe_winning_performance"
"http://dbpedia.org/resource/Raging_Bull","http://dbpedia.org/resource/Category:Films_produced_by_Irwin_Winkler"
"http://dbpedia.org/resource/Raging_Bull","http://dbpedia.org/resource/Category:Films_produced_by_Robert_Chartoff"
"http://dbpedia.org/resource/Raging_Bull","http://dbpedia.org/resource/Category:Films_set_in_Cleveland"
"http://dbpedia.org/resource/Raging_Bull","http://dbpedia.org/resource/Category:Films_set_in_Miami"
"http://dbpedia.org/resource/Raging_Bull","http://dbpedia.org/resource/Category:Films_set_in_Michigan"
"http://dbpedia.org/resource/Raging_Bull","http://dbpedia.org/resource/Category:Films_set_in_New_York_City"
"http://dbpedia.org/resource/Raging_Bull","http://dbpedia.org/resource/Category:Films_set_in_the_1940s"
"http://dbpedia.org/resource/Raging_Bull","http://dbpedia.org/resource/Category:Films_set_in_the_1950s"
"http://dbpedia.org/resource/Raging_Bull","http://dbpedia.org/resource/Category:Films_set_in_the_1960s"
"http://dbpedia.org/resource/Raging_Bull","http://dbpedia.org/resource/Category:Films_shot_in_Los_Angeles"
"http://dbpedia.org/resource/Raging_Bull","http://dbpedia.org/resource/Category:Films_shot_in_New_York_City"
"http://dbpedia.org/resource/Raging_Bull","http://dbpedia.org/resource/Category:Films_shot_partially_in_color"
"http://dbpedia.org/resource/Raging_Bull","http://dbpedia.org/resource/Category:Films_whose_editor_won_the_Best_Film_Editing_Academy_Award"
"http://dbpedia.org/resource/Raging_Bull","http://dbpedia.org/resource/Category:Screenplays_by_Paul_Schrader"
"http://dbpedia.org/resource/Raging_Bull","http://dbpedia.org/resource/Category:United_Artists_films"
"http://dbpedia.org/resource/Raging_Bull","http://dbpedia.org/resource/Category:United_States_National_Film_Registry_films"
"http://dbpedia.org/resource/Casino_(film)","http://dbpedia.org/resource/Category:1990s_crime_drama_films"
"http://dbpedia.org/resource/Casino_(film)","http://dbpedia.org/resource/Category:Films_based_on_actual_events"
"http://dbpedia.org/resource/Casino_(film)","http://dbpedia.org/resource/Category:Films_featuring_a_Best_Drama_Actress_Golden_Globe-winning_performance"
"http://dbpedia.org/resource/Casino_(film)","http://dbpedia.org/resource/Category:Films_set_in_1973"
"http://dbpedia.org/resource/Casino_(film)","http://dbpedia.org/resource/Category:Films_set_in_the_Las_Vegas_Valley"
"http://dbpedia.org/resource/Casino_(film)","http://dbpedia.org/resource/Category:Heist_films"
"http://dbpedia.org/resource/Casino_(film)","http://dbpedia.org/resource/Category:Films_about_Jewish-American_organized_crime"
"http://dbpedia.org/resource/Casino_(film)","http://dbpedia.org/resource/Category:Films_about_the_Chicago_Outfit"
"http://dbpedia.org/resource/Casino_(film)","http://dbpedia.org/resource/Category:1995_films"
"http://dbpedia.org/resource/Casino_(film)","http://dbpedia.org/resource/Category:Adultery_in_films"
"http://dbpedia.org/resource/Casino_(film)","http://dbpedia.org/resource/Category:American_crime_drama_films"
"http://dbpedia.org/resource/Casino_(film)","http://dbpedia.org/resource/Category:American_epic_films"
"http://dbpedia.org/resource/Casino_(film)","http://dbpedia.org/resource/Category:American_films"
"http://dbpedia.org/resource/Casino_(film)","http://dbpedia.org/resource/Category:English-language_films"
"http://dbpedia.org/resource/Casino_(film)","http://dbpedia.org/resource/Category:Fiction_narrated_by_a_dead_person"
"http://dbpedia.org/resource/Casino_(film)","http://dbpedia.org/resource/Category:Films_about_drugs"
"http://dbpedia.org/resource/Casino_(film)","http://dbpedia.org/resource/Category:Films_about_psychopaths"
"http://dbpedia.org/resource/Casino_(film)","http://dbpedia.org/resource/Category:Films_directed_by_Martin_Scorsese"
"http://dbpedia.org/resource/Casino_(film)","http://dbpedia.org/resource/Category:Films_set_in_California"
"http://dbpedia.org/resource/Casino_(film)","http://dbpedia.org/resource/Category:Films_shot_in_San_Diego"
"http://dbpedia.org/resource/Casino_(film)","http://dbpedia.org/resource/Category:Gambling_films"
"http://dbpedia.org/resource/Casino_(film)","http://dbpedia.org/resource/Category:Obscenity_controversies_in_film"
"http://dbpedia.org/resource/Casino_(film)","http://dbpedia.org/resource/Category:Universal_Pictures_films"
"http://dbpedia.org/resource/Casino_(film)","http://dbpedia.org/resource/Category:Films_about_Italian-American_organized_crime"
"http://dbpedia.org/resource/Casino_(film)","http://dbpedia.org/resource/Category:Films_based_on_non-fiction_books_about_organized_crime"
"http://dbpedia.org/resource/Casino_(film)","http://dbpedia.org/resource/Category:Films_set_in_1980"
"http://dbpedia.org/resource/Casino_(film)","http://dbpedia.org/resource/Category:Films_set_in_1983"
"http://dbpedia.org/resource/Casino_(film)","http://dbpedia.org/resource/Category:Films_set_in_Missouri"
"http://dbpedia.org/resource/Casino_(film)","http://dbpedia.org/resource/Category:Gangster_films"
"http://dbpedia.org/resource/Shine_a_Light_(film)","http://dbpedia.org/resource/Category:Concert_films"
"http://dbpedia.org/resource/Shine_a_Light_(film)","http://dbpedia.org/resource/Category:2008_films"
"http://dbpedia.org/resource/Shine_a_Light_(film)","http://dbpedia.org/resource/Category:The_Rolling_Stones_films"
"http://dbpedia.org/resource/Shine_a_Light_(film)","http://dbpedia.org/resource/Category:2000s_documentary_films"
"http://dbpedia.org/resource/Shine_a_Light_(film)","http://dbpedia.org/resource/Category:American_films"
"http://dbpedia.org/resource/Shine_a_Light_(film)","http://dbpedia.org/resource/Category:English-language_films"
"http://dbpedia.org/resource/Shine_a_Light_(film)","http://dbpedia.org/resource/Category:Films_directed_by_Martin_Scorsese"
"http://dbpedia.org/resource/Shine_a_Light_(film)","http://dbpedia.org/resource/Category:American_rock_music_films"
"http://dbpedia.org/resource/Shine_a_Light_(film)","http://dbpedia.org/resource/Category:Rockumentaries"
"http://dbpedia.org/resource/Shine_a_Light_(film)","http://dbpedia.org/resource/Category:Shangri-La_Entertainment_films"
"http://dbpedia.org/resource/Silence_(2016_film)","http://dbpedia.org/resource/Category:Christianity_in_Japan"
"http://dbpedia.org/resource/Silence_(2016_film)","http://dbpedia.org/resource/Category:Upcoming_films"
"http://dbpedia.org/resource/Silence_(2016_film)","http://dbpedia.org/resource/Category:Films_based_on_Japanese_novels"
"http://dbpedia.org/resource/Silence_(2016_film)","http://dbpedia.org/resource/Category:Screenplays_by_Jay_Cocks"
"http://dbpedia.org/resource/Silence_(2016_film)","http://dbpedia.org/resource/Category:2016_films"
"http://dbpedia.org/resource/Silence_(2016_film)","http://dbpedia.org/resource/Category:Films_shot_in_Taiwan"
"http://dbpedia.org/resource/Silence_(2016_film)","http://dbpedia.org/resource/Category:American_drama_films"
"http://dbpedia.org/resource/Silence_(2016_film)","http://dbpedia.org/resource/Category:American_films"
"http://dbpedia.org/resource/Silence_(2016_film)","http://dbpedia.org/resource/Category:English-language_films"
"http://dbpedia.org/resource/Silence_(2016_film)","http://dbpedia.org/resource/Category:Films_directed_by_Martin_Scorsese"
"http://dbpedia.org/resource/Silence_(2016_film)","http://dbpedia.org/resource/Category:Japanese-language_films"
"http://dbpedia.org/resource/Silence_(2016_film)","http://dbpedia.org/resource/Category:Paramount_Pictures_films"
"http://dbpedia.org/resource/Silence_(2016_film)","http://dbpedia.org/resource/Category:Films_based_on_works_by_Shūsaku_Endō"
"http://dbpedia.org/resource/Silence_(2016_film)","http://dbpedia.org/resource/Category:2010s_drama_films"
"http://dbpedia.org/resource/Silence_(2016_film)","http://dbpedia.org/resource/Category:Films_set_in_Japan"
"http://dbpedia.org/resource/Silence_(2016_film)","http://dbpedia.org/resource/Category:Films_set_in_the_1670s"
"http://dbpedia.org/resource/Street_Scenes","http://dbpedia.org/resource/Category:1970_films"
"http://dbpedia.org/resource/Street_Scenes","http://dbpedia.org/resource/Category:American_documentary_films"
"http://dbpedia.org/resource/Street_Scenes","http://dbpedia.org/resource/Category:American_films"
"http://dbpedia.org/resource/Street_Scenes","http://dbpedia.org/resource/Category:English-language_films"
"http://dbpedia.org/resource/Street_Scenes","http://dbpedia.org/resource/Category:Films_directed_by_Martin_Scorsese"
"http://dbpedia.org/resource/Street_Scenes","http://dbpedia.org/resource/Category:1970s_documentary_films"
"http://dbpedia.org/resource/Street_Scenes","http://dbpedia.org/resource/Category:Protests_against_the_Vietnam_War"
"http://dbpedia.org/resource/Street_Scenes","http://dbpedia.org/resource/Category:Documentary_films_about_the_Vietnam_War"
"http://dbpedia.org/resource/Kundun","http://dbpedia.org/resource/Category:Film_scores_by_Philip_Glass"
"http://dbpedia.org/resource/Kundun","http://dbpedia.org/resource/Category:Films_based_on_actual_events"
"http://dbpedia.org/resource/Kundun","http://dbpedia.org/resource/Category:Films_shot_in_Morocco"
"http://dbpedia.org/resource/Kundun","http://dbpedia.org/resource/Category:Tibetan_Buddhism"
"http://dbpedia.org/resource/Kundun","http://dbpedia.org/resource/Category:Tibetan-language_films"
"http://dbpedia.org/resource/Kundun","http://dbpedia.org/resource/Category:1990s_biographical_films"
"http://dbpedia.org/resource/Kundun","http://dbpedia.org/resource/Category:1990s_drama_films"
"http://dbpedia.org/resource/Kundun","http://dbpedia.org/resource/Category:1997_films"
"http://dbpedia.org/resource/Kundun","http://dbpedia.org/resource/Category:American_drama_films"
"http://dbpedia.org/resource/Kundun","http://dbpedia.org/resource/Category:American_epic_films"
"http://dbpedia.org/resource/Kundun","http://dbpedia.org/resource/Category:American_films"
"http://dbpedia.org/resource/Kundun","http://dbpedia.org/resource/Category:English-language_films"
"http://dbpedia.org/resource/Kundun","http://dbpedia.org/resource/Category:Films_directed_by_Martin_Scorsese"
"http://dbpedia.org/resource/Kundun","http://dbpedia.org/resource/Category:Mandarin-language_films"
"http://dbpedia.org/resource/Kundun","http://dbpedia.org/resource/Category:StudioCanal_films"
"http://dbpedia.org/resource/Kundun","http://dbpedia.org/resource/Category:Touchstone_Pictures_films"
"http://dbpedia.org/resource/Kundun","http://dbpedia.org/resource/Category:Films_about_Buddhism"
"http://dbpedia.org/resource/Kundun","http://dbpedia.org/resource/Category:Films_about_Nobel_laureates"
"http://dbpedia.org/resource/Kundun","http://dbpedia.org/resource/Category:Films_about_Tibet"
"http://dbpedia.org/resource/Kundun","http://dbpedia.org/resource/Category:Screenplays_by_Melissa_Mathison"
"http://dbpedia.org/resource/Kundun","http://dbpedia.org/resource/Category:Biographical_films_about_religious_leaders"
"http://dbpedia.org/resource/Kundun","http://dbpedia.org/resource/Category:14th_Dalai_Lama"
"http://dbpedia.org/resource/Gangs_of_New_York","http://dbpedia.org/resource/Category:2000s_drama_films"
"http://dbpedia.org/resource/Gangs_of_New_York","http://dbpedia.org/resource/Category:2002_films"
"http://dbpedia.org/resource/Gangs_of_New_York","http://dbpedia.org/resource/Category:Film_scores_by_Howard_Shore"
"http://dbpedia.org/resource/Gangs_of_New_York","http://dbpedia.org/resource/Category:Films_about_death"
"http://dbpedia.org/resource/Gangs_of_New_York","http://dbpedia.org/resource/Category:Films_shot_in_Italy"
"http://dbpedia.org/resource/Gangs_of_New_York","http://dbpedia.org/resource/Category:Films_shot_in_Rome"
"http://dbpedia.org/resource/Gangs_of_New_York","http://dbpedia.org/resource/Category:Italian_drama_films"
"http://dbpedia.org/resource/Gangs_of_New_York","http://dbpedia.org/resource/Category:Italian_films"
"http://dbpedia.org/resource/Gangs_of_New_York","http://dbpedia.org/resource/Category:Miramax_films"
"http://dbpedia.org/resource/Gangs_of_New_York","http://dbpedia.org/resource/Category:Films_set_in_1846"
"http://dbpedia.org/resource/Gangs_of_New_York","http://dbpedia.org/resource/Category:Films_set_in_1862"
"http://dbpedia.org/resource/Gangs_of_New_York","http://dbpedia.org/resource/Category:Screenplays_by_Jay_Cocks"
"http://dbpedia.org/resource/Gangs_of_New_York","http://dbpedia.org/resource/Category:Screenplays_by_Kenneth_Lonergan"
"http://dbpedia.org/resource/Gangs_of_New_York","http://dbpedia.org/resource/Category:Gang_films"
"http://dbpedia.org/resource/Gangs_of_New_York","http://dbpedia.org/resource/Category:American_crime_drama_films"
"http://dbpedia.org/resource/Gangs_of_New_York","http://dbpedia.org/resource/Category:American_epic_films"
"http://dbpedia.org/resource/Gangs_of_New_York","http://dbpedia.org/resource/Category:American_films"
"http://dbpedia.org/resource/Gangs_of_New_York","http://dbpedia.org/resource/Category:English-language_films"
"http://dbpedia.org/resource/Gangs_of_New_York","http://dbpedia.org/resource/Category:Films_about_revenge"
"http://dbpedia.org/resource/Gangs_of_New_York","http://dbpedia.org/resource/Category:Films_directed_by_Martin_Scorsese"
"http://dbpedia.org/resource/Gangs_of_New_York","http://dbpedia.org/resource/Category:Films_set_in_New_York_City"
"http://dbpedia.org/resource/Gangs_of_New_York","http://dbpedia.org/resource/Category:Films_whose_director_won_the_Best_Director_Golden_Globe"
"http://dbpedia.org/resource/Gangs_of_New_York","http://dbpedia.org/resource/Category:Irish-American_culture"
"http://dbpedia.org/resource/Gangs_of_New_York","http://dbpedia.org/resource/Category:Gangster_films"
"http://dbpedia.org/resource/Gangs_of_New_York","http://dbpedia.org/resource/Category:Screenplays_by_Steven_Zaillian"
"http://dbpedia.org/resource/Shutter_Island_(film)","http://dbpedia.org/resource/Category:Filicide_in_fiction"
"http://dbpedia.org/resource/Shutter_Island_(film)","http://dbpedia.org/resource/Category:Films_about_psychiatry"
"http://dbpedia.org/resource/Shutter_Island_(film)","http://dbpedia.org/resource/Category:Mental_illness_in_fiction"
"http://dbpedia.org/resource/Shutter_Island_(film)","http://dbpedia.org/resource/Category:2010_films"
"http://dbpedia.org/resource/Shutter_Island_(film)","http://dbpedia.org/resource/Category:Appian_Way_Productions_films"
"http://dbpedia.org/resource/Shutter_Island_(film)","http://dbpedia.org/resource/Category:American_films"
"http://dbpedia.org/resource/Shutter_Island_(film)","http://dbpedia.org/resource/Category:American_thriller_films"
"http://dbpedia.org/resource/Shutter_Island_(film)","http://dbpedia.org/resource/Category:English-language_films"
"http://dbpedia.org/resource/Shutter_Island_(film)","http://dbpedia.org/resource/Category:Films_based_on_American_novels"
"http://dbpedia.org/resource/Shutter_Island_(film)","http://dbpedia.org/resource/Category:Films_based_on_thriller_novels"
"http://dbpedia.org/resource/Shutter_Island_(film)","http://dbpedia.org/resource/Category:Films_directed_by_Martin_Scorsese"
"http://dbpedia.org/resource/Shutter_Island_(film)","http://dbpedia.org/resource/Category:Films_set_in_psychiatric_hospitals"
"http://dbpedia.org/resource/Shutter_Island_(film)","http://dbpedia.org/resource/Category:Films_set_on_islands"
"http://dbpedia.org/resource/Shutter_Island_(film)","http://dbpedia.org/resource/Category:Neo-noir"
"http://dbpedia.org/resource/Shutter_Island_(film)","http://dbpedia.org/resource/Category:Paramount_Pictures_films"
"http://dbpedia.org/resource/Shutter_Island_(film)","http://dbpedia.org/resource/Category:Psychological_thriller_films"
"http://dbpedia.org/resource/Shutter_Island_(film)","http://dbpedia.org/resource/Category:Films_set_in_1954"
"http://dbpedia.org/resource/Shutter_Island_(film)","http://dbpedia.org/resource/Category:Films_set_in_Massachusetts"
"http://dbpedia.org/resource/Shutter_Island_(film)","http://dbpedia.org/resource/Category:Films_shot_in_Massachusetts"
"http://dbpedia.org/resource/Shutter_Island_(film)","http://dbpedia.org/resource/Category:Phoenix_Pictures_films"
"http://dbpedia.org/resource/Shutter_Island_(film)","http://dbpedia.org/resource/Category:2010s_thriller_films"
"http://dbpedia.org/resource/Shutter_Island_(film)","http://dbpedia.org/resource/Category:United_States_Marshals_Service"
"http://dbpedia.org/resource/Shutter_Island_(film)","http://dbpedia.org/resource/Category:Bipolar_disorder_in_fiction"
"http://dbpedia.org/resource/The_Wolf_of_Wall_Street_(2013_film)","http://dbpedia.org/resource/Category:Films_about_businesspeople"
"http://dbpedia.org/resource/The_Wolf_of_Wall_Street_(2013_film)","http://dbpedia.org/resource/Category:Films_based_on_financial_crisis"
"http://dbpedia.org/resource/The_Wolf_of_Wall_Street_(2013_film)","http://dbpedia.org/resource/Category:Films_based_on_non-fiction_books"
"http://dbpedia.org/resource/The_Wolf_of_Wall_Street_(2013_film)","http://dbpedia.org/resource/Category:Films_set_in_1987"
"http://dbpedia.org/resource/The_Wolf_of_Wall_Street_(2013_film)","http://dbpedia.org/resource/Category:Films_set_in_London"
"http://dbpedia.org/resource/The_Wolf_of_Wall_Street_(2013_film)","http://dbpedia.org/resource/Category:Films_shot_in_New_Jersey"
"http://dbpedia.org/resource/The_Wolf_of_Wall_Street_(2013_film)","http://dbpedia.org/resource/Category:Wall_Street_films"
"http://dbpedia.org/resource/The_Wolf_of_Wall_Street_(2013_film)","http://dbpedia.org/resource/Category:2010s_comedy_films"
"http://dbpedia.org/resource/The_Wolf_of_Wall_Street_(2013_film)","http://dbpedia.org/resource/Category:2013_films"
"http://dbpedia.org/resource/The_Wolf_of_Wall_Street_(2013_film)","http://dbpedia.org/resource/Category:Comedy_films_based_on_actual_events"
"http://dbpedia.org/resource/The_Wolf_of_Wall_Street_(2013_film)","http://dbpedia.org/resource/Category:Red_Granite_Pictures_films"
"http://dbpedia.org/resource/The_Wolf_of_Wall_Street_(2013_film)","http://dbpedia.org/resource/Category:Appian_Way_Productions_films"
"http://dbpedia.org/resource/The_Wolf_of_Wall_Street_(2013_film)","http://dbpedia.org/resource/Category:Films_produced_by_Leonardo_DiCaprio"
"http://dbpedia.org/resource/The_Wolf_of_Wall_Street_(2013_film)","http://dbpedia.org/resource/Category:American_black_comedy_films"
"http://dbpedia.org/resource/The_Wolf_of_Wall_Street_(2013_film)","http://dbpedia.org/resource/Category:American_business_films"
"http://dbpedia.org/resource/The_Wolf_of_Wall_Street_(2013_film)","http://dbpedia.org/resource/Category:American_films"
"http://dbpedia.org/resource/The_Wolf_of_Wall_Street_(2013_film)","http://dbpedia.org/resource/Category:English-language_films"
"http://dbpedia.org/resource/The_Wolf_of_Wall_Street_(2013_film)","http://dbpedia.org/resource/Category:Fiction_with_unreliable_narrators"
"http://dbpedia.org/resource/The_Wolf_of_Wall_Street_(2013_film)","http://dbpedia.org/resource/Category:Films_about_drugs"
"http://dbpedia.org/resource/The_Wolf_of_Wall_Street_(2013_film)","http://dbpedia.org/resource/Category:Films_directed_by_Martin_Scorsese"
"http://dbpedia.org/resource/The_Wolf_of_Wall_Street_(2013_film)","http://dbpedia.org/resource/Category:Films_featuring_a_Best_Musical_or_Comedy_Actor_Golden_Globe_winning_performance"
"http://dbpedia.org/resource/The_Wolf_of_Wall_Street_(2013_film)","http://dbpedia.org/resource/Category:Films_set_in_New_York_City"
"http://dbpedia.org/resource/The_Wolf_of_Wall_Street_(2013_film)","http://dbpedia.org/resource/Category:Films_set_in_the_1990s"
"http://dbpedia.org/resource/The_Wolf_of_Wall_Street_(2013_film)","http://dbpedia.org/resource/Category:Films_shot_in_New_York_City"
"http://dbpedia.org/resource/The_Wolf_of_Wall_Street_(2013_film)","http://dbpedia.org/resource/Category:Obscenity_controversies_in_film"
"http://dbpedia.org/resource/The_Wolf_of_Wall_Street_(2013_film)","http://dbpedia.org/resource/Category:Paramount_Pictures_films"
"http://dbpedia.org/resource/The_Wolf_of_Wall_Street_(2013_film)","http://dbpedia.org/resource/Category:Self-reflexive_films"
"http://dbpedia.org/resource/The_Wolf_of_Wall_Street_(2013_film)","http://dbpedia.org/resource/Category:Universal_Pictures_films"
"http://dbpedia.org/resource/The_Wolf_of_Wall_Street_(2013_film)","http://dbpedia.org/resource/Category:Films_about_con_artists"
"http://dbpedia.org/resource/The_Wolf_of_Wall_Street_(2013_film)","http://dbpedia.org/resource/Category:Films_set_in_Italy"
"http://dbpedia.org/resource/The_Wolf_of_Wall_Street_(2013_film)","http://dbpedia.org/resource/Category:Films_set_in_Switzerland"
"http://dbpedia.org/resource/The_Wolf_of_Wall_Street_(2013_film)","http://dbpedia.org/resource/Category:Films_shot_in_New_York"
"http://dbpedia.org/resource/The_Wolf_of_Wall_Street_(2013_film)","http://dbpedia.org/resource/Category:2010s_biographical_films"
"http://dbpedia.org/resource/The_Wolf_of_Wall_Street_(2013_film)","http://dbpedia.org/resource/Category:Films_set_in_New_Zealand"
"http://dbpedia.org/resource/The_Wolf_of_Wall_Street_(2013_film)","http://dbpedia.org/resource/Category:Legal_films"
"http://dbpedia.org/resource/The_Wolf_of_Wall_Street_(2013_film)","http://dbpedia.org/resource/Category:Biographical_films_about_fraudsters"
"http://dbpedia.org/resource/Alice_Doesn't_Live_Here_Anymore","http://dbpedia.org/resource/Category:Films_featuring_a_Best_Actress_Academy_Award-winning_performance"
"http://dbpedia.org/resource/Alice_Doesn't_Live_Here_Anymore","http://dbpedia.org/resource/Category:Films_whose_writer_won_the_Best_Screenplay_BAFTA_Award"
"http://dbpedia.org/resource/Alice_Doesn't_Live_Here_Anymore","http://dbpedia.org/resource/Category:Films_about_singers"
"http://dbpedia.org/resource/Alice_Doesn't_Live_Here_Anymore","http://dbpedia.org/resource/Category:1970s_drama_films"
"http://dbpedia.org/resource/Alice_Doesn't_Live_Here_Anymore","http://dbpedia.org/resource/Category:1974_films"
"http://dbpedia.org/resource/Alice_Doesn't_Live_Here_Anymore","http://dbpedia.org/resource/Category:American_films"
"http://dbpedia.org/resource/Alice_Doesn't_Live_Here_Anymore","http://dbpedia.org/resource/Category:American_romantic_drama_films"
"http://dbpedia.org/resource/Alice_Doesn't_Live_Here_Anymore","http://dbpedia.org/resource/Category:Best_Film_BAFTA_Award_winners"
"http://dbpedia.org/resource/Alice_Doesn't_Live_Here_Anymore","http://dbpedia.org/resource/Category:English-language_films"
"http://dbpedia.org/resource/Alice_Doesn't_Live_Here_Anymore","http://dbpedia.org/resource/Category:Feminist_films"
"http://dbpedia.org/resource/Alice_Doesn't_Live_Here_Anymore","http://dbpedia.org/resource/Category:Films_directed_by_Martin_Scorsese"
"http://dbpedia.org/resource/Alice_Doesn't_Live_Here_Anymore","http://dbpedia.org/resource/Category:Films_set_in_Arizona"
"http://dbpedia.org/resource/Alice_Doesn't_Live_Here_Anymore","http://dbpedia.org/resource/Category:Films_set_in_New_Mexico"
"http://dbpedia.org/resource/Alice_Doesn't_Live_Here_Anymore","http://dbpedia.org/resource/Category:Films_shot_in_Arizona"
"http://dbpedia.org/resource/Alice_Doesn't_Live_Here_Anymore","http://dbpedia.org/resource/Category:Road_movies"
"http://dbpedia.org/resource/Alice_Doesn't_Live_Here_Anymore","http://dbpedia.org/resource/Category:Warner_Bros._films"
"http://dbpedia.org/resource/Hugo_(film)","http://dbpedia.org/resource/Category:American_3D_films"
"http://dbpedia.org/resource/Hugo_(film)","http://dbpedia.org/resource/Category:American_adventure_drama_films"
"http://dbpedia.org/resource/Hugo_(film)","http://dbpedia.org/resource/Category:Cultural_depictions_of_people"
"http://dbpedia.org/resource/Hugo_(film)","http://dbpedia.org/resource/Category:Film_scores_by_Howard_Shore"
"http://dbpedia.org/resource/Hugo_(film)","http://dbpedia.org/resource/Category:Films_about_orphans"
"http://dbpedia.org/resource/Hugo_(film)","http://dbpedia.org/resource/Category:Films_shot_in_London"
"http://dbpedia.org/resource/Hugo_(film)","http://dbpedia.org/resource/Category:Films_shot_in_Paris"
"http://dbpedia.org/resource/Hugo_(film)","http://dbpedia.org/resource/Category:Films_that_won_the_Best_Visual_Effects_Academy_Award"
"http://dbpedia.org/resource/Hugo_(film)","http://dbpedia.org/resource/Category:Rail_transport_films"
"http://dbpedia.org/resource/Hugo_(film)","http://dbpedia.org/resource/Category:Films_about_films"
"http://dbpedia.org/resource/Hugo_(film)","http://dbpedia.org/resource/Category:American_films"
"http://dbpedia.org/resource/Hugo_(film)","http://dbpedia.org/resource/Category:American_mystery_films"
"http://dbpedia.org/resource/Hugo_(film)","http://dbpedia.org/resource/Category:Best_Art_Direction_Academy_Award_winners"
"http://dbpedia.org/resource/Hugo_(film)","http://dbpedia.org/resource/Category:English-language_films"
"http://dbpedia.org/resource/Hugo_(film)","http://dbpedia.org/resource/Category:Films_about_filmmaking"
"http://dbpedia.org/resource/Hugo_(film)","http://dbpedia.org/resource/Category:Films_based_on_American_novels"
"http://dbpedia.org/resource/Hugo_(film)","http://dbpedia.org/resource/Category:Films_directed_by_Martin_Scorsese"
"http://dbpedia.org/resource/Hugo_(film)","http://dbpedia.org/resource/Category:Films_set_in_Paris"
"http://dbpedia.org/resource/Hugo_(film)","http://dbpedia.org/resource/Category:Films_that_won_the_Best_Sound_Editing_Academy_Award"
"http://dbpedia.org/resource/Hugo_(film)","http://dbpedia.org/resource/Category:Films_whose_cinematographer_won_the_Best_Cinematography_Academy_Award"
"http://dbpedia.org/resource/Hugo_(film)","http://dbpedia.org/resource/Category:Films_whose_director_won_the_Best_Director_Golden_Globe"
"http://dbpedia.org/resource/Hugo_(film)","http://dbpedia.org/resource/Category:Paramount_Pictures_films"
"http://dbpedia.org/resource/Hugo_(film)","http://dbpedia.org/resource/Category:Robot_films"
"http://dbpedia.org/resource/Hugo_(film)","http://dbpedia.org/resource/Category:Georges_Méliès"
"http://dbpedia.org/resource/Hugo_(film)","http://dbpedia.org/resource/Category:2010s_drama_films"
"http://dbpedia.org/resource/Hugo_(film)","http://dbpedia.org/resource/Category:Films_about_magic_and_magicians"
"http://dbpedia.org/resource/Hugo_(film)","http://dbpedia.org/resource/Category:Films_about_wish_fulfillment"
"http://dbpedia.org/resource/Hugo_(film)","http://dbpedia.org/resource/Category:Films_set_in_1931"
"http://dbpedia.org/resource/Hugo_(film)","http://dbpedia.org/resource/Category:Steampunk_films"
"http://dbpedia.org/resource/Hugo_(film)","http://dbpedia.org/resource/Category:2010s_mystery_films"
"http://dbpedia.org/resource/Hugo_(film)","http://dbpedia.org/resource/Category:Infinitum_Nihil_films"
"http://dbpedia.org/resource/Hugo_(film)","http://dbpedia.org/resource/Category:2011_films"
"http://dbpedia.org/resource/Hugo_(film)","http://dbpedia.org/resource/Category:Screenplays_by_John_Logan"
"http://dbpedia.org/resource/Hugo_(film)","http://dbpedia.org/resource/Category:Best_Sound_Mixing_Academy_Award_winners"
"http://dbpedia.org/resource/Hugo_(film)","http://dbpedia.org/resource/Category:2010s_adventure_films"
"http://dbpedia.org/resource/Hugo_(film)","http://dbpedia.org/resource/Category:2011_3D_films"
"http://dbpedia.org/resource/Goodfellas","http://dbpedia.org/resource/Category:1990_films"
"http://dbpedia.org/resource/Goodfellas","http://dbpedia.org/resource/Category:Films_based_on_actual_events"
"http://dbpedia.org/resource/Goodfellas","http://dbpedia.org/resource/Category:Films_featuring_a_Best_Supporting_Actor_Academy_Award-winning_performance"
"http://dbpedia.org/resource/Goodfellas","http://dbpedia.org/resource/Category:Films_set_in_Brooklyn"
"http://dbpedia.org/resource/Goodfellas","http://dbpedia.org/resource/Category:Films_shot_in_New_Jersey"
"http://dbpedia.org/resource/Goodfellas","http://dbpedia.org/resource/Category:Films_whose_writer_won_the_Best_Adapted_Screenplay_BAFTA_Award"
"http://dbpedia.org/resource/Goodfellas","http://dbpedia.org/resource/Category:Lucchese_crime_family"
"http://dbpedia.org/resource/Goodfellas","http://dbpedia.org/resource/Category:1990s_biographical_films"
"http://dbpedia.org/resource/Goodfellas","http://dbpedia.org/resource/Category:1990s_crime_films"
"http://dbpedia.org/resource/Goodfellas","http://dbpedia.org/resource/Category:American_biographical_films"
"http://dbpedia.org/resource/Goodfellas","http://dbpedia.org/resource/Category:American_films"
"http://dbpedia.org/resource/Goodfellas","http://dbpedia.org/resource/Category:Best_Film_BAFTA_Award_winners"
"http://dbpedia.org/resource/Goodfellas","http://dbpedia.org/resource/Category:English-language_films"
"http://dbpedia.org/resource/Goodfellas","http://dbpedia.org/resource/Category:Films_about_drugs"
"http://dbpedia.org/resource/Goodfellas","http://dbpedia.org/resource/Category:Films_based_on_biographies"
"http://dbpedia.org/resource/Goodfellas","http://dbpedia.org/resource/Category:Films_directed_by_Martin_Scorsese"
"http://dbpedia.org/resource/Goodfellas","http://dbpedia.org/resource/Category:Films_produced_by_Irwin_Winkler"
"http://dbpedia.org/resource/Goodfellas","http://dbpedia.org/resource/Category:Films_set_in_the_1950s"
"http://dbpedia.org/resource/Goodfellas","http://dbpedia.org/resource/Category:Films_set_in_the_1960s"
"http://dbpedia.org/resource/Goodfellas","http://dbpedia.org/resource/Category:Films_set_in_the_1970s"
"http://dbpedia.org/resource/Goodfellas","http://dbpedia.org/resource/Category:Films_whose_director_won_the_Best_Direction_BAFTA_Award"
"http://dbpedia.org/resource/Goodfellas","http://dbpedia.org/resource/Category:Self-reflexive_films"
"http://dbpedia.org/resource/Goodfellas","http://dbpedia.org/resource/Category:United_States_National_Film_Registry_films"
"http://dbpedia.org/resource/Goodfellas","http://dbpedia.org/resource/Category:Warner_Bros._films"
"http://dbpedia.org/resource/Goodfellas","http://dbpedia.org/resource/Category:American_crime_films"
"http://dbpedia.org/resource/Goodfellas","http://dbpedia.org/resource/Category:Biographical_films_about_mobsters"
"http://dbpedia.org/resource/Goodfellas","http://dbpedia.org/resource/Category:Films_about_Italian-American_organized_crime"
"http://dbpedia.org/resource/Goodfellas","http://dbpedia.org/resource/Category:Films_based_on_non-fiction_books_about_organized_crime"
"http://dbpedia.org/resource/Goodfellas","http://dbpedia.org/resource/Category:Films_set_in_1980"
"http://dbpedia.org/resource/Goodfellas","http://dbpedia.org/resource/Category:Films_shot_in_New_York"
"http://dbpedia.org/resource/Goodfellas","http://dbpedia.org/resource/Category:Gangster_films"
"http://dbpedia.org/resource/Goodfellas","http://dbpedia.org/resource/Category:True_crime_films"
"http://dbpedia.org/resource/Bringing_Out_the_Dead","http://dbpedia.org/resource/Category:Film_scores_by_Elmer_Bernstein"
"http://dbpedia.org/resource/Bringing_Out_the_Dead","http://dbpedia.org/resource/Category:Films_produced_by_Scott_Rudin"
"http://dbpedia.org/resource/Bringing_Out_the_Dead","http://dbpedia.org/resource/Category:1990s_drama_films"
"http://dbpedia.org/resource/Bringing_Out_the_Dead","http://dbpedia.org/resource/Category:1999_films"
"http://dbpedia.org/resource/Bringing_Out_the_Dead","http://dbpedia.org/resource/Category:American_drama_films"
"http://dbpedia.org/resource/Bringing_Out_the_Dead","http://dbpedia.org/resource/Category:American_films"
"http://dbpedia.org/resource/Bringing_Out_the_Dead","http://dbpedia.org/resource/Category:English-language_films"
"http://dbpedia.org/resource/Bringing_Out_the_Dead","http://dbpedia.org/resource/Category:Films_based_on_American_novels"
"http://dbpedia.org/resource/Bringing_Out_the_Dead","http://dbpedia.org/resource/Category:Films_directed_by_Martin_Scorsese"
"http://dbpedia.org/resource/Bringing_Out_the_Dead","http://dbpedia.org/resource/Category:Films_set_in_New_York_City"
"http://dbpedia.org/resource/Bringing_Out_the_Dead","http://dbpedia.org/resource/Category:Films_shot_in_New_York_City"
"http://dbpedia.org/resource/Bringing_Out_the_Dead","http://dbpedia.org/resource/Category:Paramount_Pictures_films"
"http://dbpedia.org/resource/Bringing_Out_the_Dead","http://dbpedia.org/resource/Category:Screenplays_by_Paul_Schrader"
"http://dbpedia.org/resource/Bringing_Out_the_Dead","http://dbpedia.org/resource/Category:Touchstone_Pictures_films"
"http://dbpedia.org/resource/It's_Not_Just_You,_Murray!","http://dbpedia.org/resource/Category:1964_films"
"http://dbpedia.org/resource/It's_Not_Just_You,_Murray!","http://dbpedia.org/resource/Category:American_films"
"http://dbpedia.org/resource/It's_Not_Just_You,_Murray!","http://dbpedia.org/resource/Category:Short_films_directed_by_Martin_Scorsese"
"http://dbpedia.org/resource/It's_Not_Just_You,_Murray!","http://dbpedia.org/resource/Category:American_short_films"
"http://dbpedia.org/resource/What's_a_Nice_Girl_Like_You_Doing_in_a_Place_Like_This%3F","http://dbpedia.org/resource/Category:1963_films"
"http://dbpedia.org/resource/What's_a_Nice_Girl_Like_You_Doing_in_a_Place_Like_This%3F","http://dbpedia.org/resource/Category:American_films"
"http://dbpedia.org/resource/What's_a_Nice_Girl_Like_You_Doing_in_a_Place_Like_This%3F","http://dbpedia.org/resource/Category:English-language_films"
"http://dbpedia.org/resource/What's_a_Nice_Girl_Like_You_Doing_in_a_Place_Like_This%3F","http://dbpedia.org/resource/Category:Short_films_directed_by_Martin_Scorsese"
"http://dbpedia.org/resource/What's_a_Nice_Girl_Like_You_Doing_in_a_Place_Like_This%3F","http://dbpedia.org/resource/Category:1960s_short_films"
"http://dbpedia.org/resource/The_Aviator_(2004_film)","http://dbpedia.org/resource/Category:2000s_drama_films"
"http://dbpedia.org/resource/The_Aviator_(2004_film)","http://dbpedia.org/resource/Category:Film_scores_by_Howard_Shore"
"http://dbpedia.org/resource/The_Aviator_(2004_film)","http://dbpedia.org/resource/Category:Films_featuring_a_Best_Supporting_Actress_Academy_Award-winning_performance"
"http://dbpedia.org/resource/The_Aviator_(2004_film)","http://dbpedia.org/resource/Category:Films_set_in_1938"
"http://dbpedia.org/resource/The_Aviator_(2004_film)","http://dbpedia.org/resource/Category:Films_set_in_Connecticut"
"http://dbpedia.org/resource/The_Aviator_(2004_film)","http://dbpedia.org/resource/Category:Miramax_films"
"http://dbpedia.org/resource/The_Aviator_(2004_film)","http://dbpedia.org/resource/Category:2004_films"
"http://dbpedia.org/resource/The_Aviator_(2004_film)","http://dbpedia.org/resource/Category:Films_about_aviators"
"http://dbpedia.org/resource/The_Aviator_(2004_film)","http://dbpedia.org/resource/Category:Appian_Way_Productions_films"
"http://dbpedia.org/resource/The_Aviator_(2004_film)","http://dbpedia.org/resource/Category:American_aviation_films"
"http://dbpedia.org/resource/The_Aviator_(2004_film)","http://dbpedia.org/resource/Category:American_biographical_films"
"http://dbpedia.org/resource/The_Aviator_(2004_film)","http://dbpedia.org/resource/Category:American_business_films"
"http://dbpedia.org/resource/The_Aviator_(2004_film)","http://dbpedia.org/resource/Category:American_epic_films"
"http://dbpedia.org/resource/The_Aviator_(2004_film)","http://dbpedia.org/resource/Category:American_films"
"http://dbpedia.org/resource/The_Aviator_(2004_film)","http://dbpedia.org/resource/Category:Best_Drama_Picture_Golden_Globe_winners"
"http://dbpedia.org/resource/The_Aviator_(2004_film)","http://dbpedia.org/resource/Category:Best_Film_BAFTA_Award_winners"
"http://dbpedia.org/resource/The_Aviator_(2004_film)","http://dbpedia.org/resource/Category:English-language_films"
"http://dbpedia.org/resource/The_Aviator_(2004_film)","http://dbpedia.org/resource/Category:Epic_films_based_on_actual_events"
"http://dbpedia.org/resource/The_Aviator_(2004_film)","http://dbpedia.org/resource/Category:Films_about_filmmaking"
"http://dbpedia.org/resource/The_Aviator_(2004_film)","http://dbpedia.org/resource/Category:Films_based_on_biographies"
"http://dbpedia.org/resource/The_Aviator_(2004_film)","http://dbpedia.org/resource/Category:Films_directed_by_Martin_Scorsese"
"http://dbpedia.org/resource/The_Aviator_(2004_film)","http://dbpedia.org/resource/Category:Films_featuring_a_Best_Drama_Actor_Golden_Globe_winning_performance"
"http://dbpedia.org/resource/The_Aviator_(2004_film)","http://dbpedia.org/resource/Category:Films_set_in_1941"
"http://dbpedia.org/resource/The_Aviator_(2004_film)","http://dbpedia.org/resource/Category:Films_set_in_California"
"http://dbpedia.org/resource/The_Aviator_(2004_film)","http://dbpedia.org/resource/Category:Films_set_in_the_1920s"
"http://dbpedia.org/resource/The_Aviator_(2004_film)","http://dbpedia.org/resource/Category:Films_set_in_the_1930s"
"http://dbpedia.org/resource/The_Aviator_(2004_film)","http://dbpedia.org/resource/Category:Films_set_in_the_1940s"
"http://dbpedia.org/resource/The_Aviator_(2004_film)","http://dbpedia.org/resource/Category:Films_shot_in_Montreal"
"http://dbpedia.org/resource/The_Aviator_(2004_film)","http://dbpedia.org/resource/Category:Films_that_won_the_Best_Costume_Design_Academy_Award"
"http://dbpedia.org/resource/The_Aviator_(2004_film)","http://dbpedia.org/resource/Category:Films_whose_art_director_won_the_Best_Art_Direction_Academy_Award"
"http://dbpedia.org/resource/The_Aviator_(2004_film)","http://dbpedia.org/resource/Category:Films_whose_cinematographer_won_the_Best_Cinematography_Academy_Award"
"http://dbpedia.org/resource/The_Aviator_(2004_film)","http://dbpedia.org/resource/Category:Films_whose_editor_won_the_Best_Film_Editing_Academy_Award"
"http://dbpedia.org/resource/The_Aviator_(2004_film)","http://dbpedia.org/resource/Category:Howard_Hughes"
"http://dbpedia.org/resource/The_Aviator_(2004_film)","http://dbpedia.org/resource/Category:Warner_Bros._films"
"http://dbpedia.org/resource/The_Aviator_(2004_film)","http://dbpedia.org/resource/Category:Films_set_in_1913"
"http://dbpedia.org/resource/The_Aviator_(2004_film)","http://dbpedia.org/resource/Category:Films_set_in_1927"
"http://dbpedia.org/resource/The_Aviator_(2004_film)","http://dbpedia.org/resource/Category:Films_set_in_1929"
"http://dbpedia.org/resource/The_Aviator_(2004_film)","http://dbpedia.org/resource/Category:Films_set_in_1935"
"http://dbpedia.org/resource/The_Aviator_(2004_film)","http://dbpedia.org/resource/Category:Films_set_in_1947"
"http://dbpedia.org/resource/The_Aviator_(2004_film)","http://dbpedia.org/resource/Category:Films_set_in_1946"
"http://dbpedia.org/resource/The_Aviator_(2004_film)","http://dbpedia.org/resource/Category:Obsessive–compulsive_disorder_in_fiction"
"http://dbpedia.org/resource/The_Aviator_(2004_film)","http://dbpedia.org/resource/Category:Screenplays_by_John_Logan"
"http://dbpedia.org/resource/The_Departed","http://dbpedia.org/resource/Category:2000s_action_films"
"http://dbpedia.org/resource/The_Departed","http://dbpedia.org/resource/Category:2000s_crime_drama_films"
"http://dbpedia.org/resource/The_Departed","http://dbpedia.org/resource/Category:American_remakes_of_foreign_films"
"http://dbpedia.org/resource/The_Departed","http://dbpedia.org/resource/Category:Culture_of_Boston"
"http://dbpedia.org/resource/The_Departed","http://dbpedia.org/resource/Category:Film_scores_by_Howard_Shore"
"http://dbpedia.org/resource/The_Departed","http://dbpedia.org/resource/Category:Films_about_death"
"http://dbpedia.org/resource/The_Departed","http://dbpedia.org/resource/Category:Films_about_the_Irish_Mob"
"http://dbpedia.org/resource/The_Departed","http://dbpedia.org/resource/Category:Films_whose_writer_won_the_Best_Adapted_Screenplay_Academy_Award"
"http://dbpedia.org/resource/The_Departed","http://dbpedia.org/resource/Category:Police_detective_films"
"http://dbpedia.org/resource/The_Departed","http://dbpedia.org/resource/Category:2006_films"
"http://dbpedia.org/resource/The_Departed","http://dbpedia.org/resource/Category:2000s_crime_thriller_films"
"http://dbpedia.org/resource/The_Departed","http://dbpedia.org/resource/Category:Media_Asia_films"
"http://dbpedia.org/resource/The_Departed","http://dbpedia.org/resource/Category:Films_set_in_Boston"
"http://dbpedia.org/resource/The_Departed","http://dbpedia.org/resource/Category:Best_Thriller_Empire_Award_winners"
"http://dbpedia.org/resource/The_Departed","http://dbpedia.org/resource/Category:Irish-American_culture_in_Boston"
"http://dbpedia.org/resource/The_Departed","http://dbpedia.org/resource/Category:Action_drama_films"
"http://dbpedia.org/resource/The_Departed","http://dbpedia.org/resource/Category:American_crime_drama_films"
"http://dbpedia.org/resource/The_Departed","http://dbpedia.org/resource/Category:American_crime_thriller_films"
"http://dbpedia.org/resource/The_Departed","http://dbpedia.org/resource/Category:American_films"
"http://dbpedia.org/resource/The_Departed","http://dbpedia.org/resource/Category:Best_Picture_Academy_Award_winners"
"http://dbpedia.org/resource/The_Departed","http://dbpedia.org/resource/Category:Boston_in_fiction"
"http://dbpedia.org/resource/The_Departed","http://dbpedia.org/resource/Category:Edgar_Award-winning_works"
"http://dbpedia.org/resource/The_Departed","http://dbpedia.org/resource/Category:English-language_films"
"http://dbpedia.org/resource/The_Departed","http://dbpedia.org/resource/Category:Films_directed_by_Martin_Scorsese"
"http://dbpedia.org/resource/The_Departed","http://dbpedia.org/resource/Category:Films_whose_director_won_the_Best_Directing_Academy_Award"
"http://dbpedia.org/resource/The_Departed","http://dbpedia.org/resource/Category:Films_whose_director_won_the_Best_Director_Golden_Globe"
"http://dbpedia.org/resource/The_Departed","http://dbpedia.org/resource/Category:Films_whose_editor_won_the_Best_Film_Editing_Academy_Award"
"http://dbpedia.org/resource/The_Departed","http://dbpedia.org/resource/Category:Warner_Bros._films"
"http://dbpedia.org/resource/The_Departed","http://dbpedia.org/resource/Category:Films_produced_by_Brad_Pitt"
"http://dbpedia.org/resource/The_Departed","http://dbpedia.org/resource/Category:American_thriller_drama_films"
"http://dbpedia.org/resource/The_Departed","http://dbpedia.org/resource/Category:Films_shot_in_Massachusetts"
"http://dbpedia.org/resource/The_Departed","http://dbpedia.org/resource/Category:Gangster_films"
"http://dbpedia.org/resource/The_Departed","http://dbpedia.org/resource/Category:Plan_B_Entertainment_films"
"http://dbpedia.org/resource/The_Departed","http://dbpedia.org/resource/Category:American_remakes_of_Hong_Kong_films"
"http://dbpedia.org/resource/The_Last_Waltz","http://dbpedia.org/resource/Category:Concert_films"
"http://dbpedia.org/resource/The_Last_Waltz","http://dbpedia.org/resource/Category:The_Band"
"http://dbpedia.org/resource/The_Last_Waltz","http://dbpedia.org/resource/Category:American_films"
"http://dbpedia.org/resource/The_Last_Waltz","http://dbpedia.org/resource/Category:Films_about_music_and_musicians"
"http://dbpedia.org/resource/The_Last_Waltz","http://dbpedia.org/resource/Category:Films_directed_by_Martin_Scorsese"
"http://dbpedia.org/resource/The_Last_Waltz","http://dbpedia.org/resource/Category:Films_shot_in_San_Francisco"
"http://dbpedia.org/resource/The_Last_Waltz","http://dbpedia.org/resource/Category:United_Artists_films"
"http://dbpedia.org/resource/The_Last_Waltz","http://dbpedia.org/resource/Category:Rockumentaries"
"http://dbpedia.org/resource/Italianamerican","http://dbpedia.org/resource/Category:Documentary_films_about_Italian-American_culture"
"http://dbpedia.org/resource/Italianamerican","http://dbpedia.org/resource/Category:1974_films"
"http://dbpedia.org/resource/Italianamerican","http://dbpedia.org/resource/Category:American_documentary_films"
"http://dbpedia.org/resource/Italianamerican","http://dbpedia.org/resource/Category:American_films"
"http://dbpedia.org/resource/Italianamerican","http://dbpedia.org/resource/Category:English-language_films"
"http://dbpedia.org/resource/Italianamerican","http://dbpedia.org/resource/Category:Films_directed_by_Martin_Scorsese"
"http://dbpedia.org/resource/Italianamerican","http://dbpedia.org/resource/Category:1970s_documentary_films"
"http://dbpedia.org/resource/Italianamerican","http://dbpedia.org/resource/Category:Documentary_films_about_Sicily"
"http://dbpedia.org/resource/The_King_of_Comedy_(1983_film)","http://dbpedia.org/resource/Category:1980s_comedy-drama_films"
"http://dbpedia.org/resource/The_King_of_Comedy_(1983_film)","http://dbpedia.org/resource/Category:Films_about_abduction"
"http://dbpedia.org/resource/The_King_of_Comedy_(1983_film)","http://dbpedia.org/resource/Category:Films_about_stalking"
"http://dbpedia.org/resource/The_King_of_Comedy_(1983_film)","http://dbpedia.org/resource/Category:Films_whose_writer_won_the_Best_Original_Screenplay_BAFTA_Award"
"http://dbpedia.org/resource/The_King_of_Comedy_(1983_film)","http://dbpedia.org/resource/Category:1982_films"
"http://dbpedia.org/resource/The_King_of_Comedy_(1983_film)","http://dbpedia.org/resource/Category:20th_Century_Fox_films"
"http://dbpedia.org/resource/The_King_of_Comedy_(1983_film)","http://dbpedia.org/resource/Category:American_black_comedy_films"
"http://dbpedia.org/resource/The_King_of_Comedy_(1983_film)","http://dbpedia.org/resource/Category:American_films"
"http://dbpedia.org/resource/The_King_of_Comedy_(1983_film)","http://dbpedia.org/resource/Category:American_satirical_films"
"http://dbpedia.org/resource/The_King_of_Comedy_(1983_film)","http://dbpedia.org/resource/Category:Films_about_television"
"http://dbpedia.org/resource/The_King_of_Comedy_(1983_film)","http://dbpedia.org/resource/Category:Films_directed_by_Martin_Scorsese"
"http://dbpedia.org/resource/The_King_of_Comedy_(1983_film)","http://dbpedia.org/resource/Category:Films_set_in_New_York_City"
"http://dbpedia.org/resource/The_King_of_Comedy_(1983_film)","http://dbpedia.org/resource/Category:Films_shot_in_New_York_City"
"http://dbpedia.org/resource/The_King_of_Comedy_(1983_film)","http://dbpedia.org/resource/Category:Narcissism_in_fiction"
"http://dbpedia.org/resource/The_King_of_Comedy_(1983_film)","http://dbpedia.org/resource/Category:Regency_Enterprises_films"
"http://dbpedia.org/resource/The_King_of_Comedy_(1983_film)","http://dbpedia.org/resource/Category:Films_about_entertainers"
"http://dbpedia.org/resource/Public_Speaking_(film)","http://dbpedia.org/resource/Category:2010_films"
"http://dbpedia.org/resource/Public_Speaking_(film)","http://dbpedia.org/resource/Category:American_documentary_films"
"http://dbpedia.org/resource/Public_Speaking_(film)","http://dbpedia.org/resource/Category:American_films"
"http://dbpedia.org/resource/Public_Speaking_(film)","http://dbpedia.org/resource/Category:English-language_films"
"http://dbpedia.org/resource/Public_Speaking_(film)","http://dbpedia.org/resource/Category:Films_directed_by_Martin_Scorsese"
"http://dbpedia.org/resource/Public_Speaking_(film)","http://dbpedia.org/resource/Category:2010s_documentary_films"
"http://dbpedia.org/resource/Public_Speaking_(film)","http://dbpedia.org/resource/Category:Documentary_films_about_photographers"
"http://dbpedia.org/resource/New_York_Stories","http://dbpedia.org/resource/Category:1980s_comedy-drama_films"
"http://dbpedia.org/resource/New_York_Stories","http://dbpedia.org/resource/Category:1980s_romantic_comedy_films"
"http://dbpedia.org/resource/New_York_Stories","http://dbpedia.org/resource/Category:American_comedy-drama_films"
"http://dbpedia.org/resource/New_York_Stories","http://dbpedia.org/resource/Category:Films_directed_by_Woody_Allen"
"http://dbpedia.org/resource/New_York_Stories","http://dbpedia.org/resource/Category:Films_produced_by_Robert_Greenhut"
"http://dbpedia.org/resource/New_York_Stories","http://dbpedia.org/resource/Category:Films_shot_in_Greece"
"http://dbpedia.org/resource/New_York_Stories","http://dbpedia.org/resource/Category:Films_shot_in_New_Jersey"
"http://dbpedia.org/resource/New_York_Stories","http://dbpedia.org/resource/Category:Screenplays_by_Woody_Allen"
"http://dbpedia.org/resource/New_York_Stories","http://dbpedia.org/resource/Category:Films_directed_by_Francis_Ford_Coppola"
"http://dbpedia.org/resource/New_York_Stories","http://dbpedia.org/resource/Category:Screenplays_by_Richard_Price_(writer)"
"http://dbpedia.org/resource/New_York_Stories","http://dbpedia.org/resource/Category:1989_films"
"http://dbpedia.org/resource/New_York_Stories","http://dbpedia.org/resource/Category:American_anthology_films"
"http://dbpedia.org/resource/New_York_Stories","http://dbpedia.org/resource/Category:American_films"
"http://dbpedia.org/resource/New_York_Stories","http://dbpedia.org/resource/Category:American_romantic_comedy_films"
"http://dbpedia.org/resource/New_York_Stories","http://dbpedia.org/resource/Category:English-language_films"
"http://dbpedia.org/resource/New_York_Stories","http://dbpedia.org/resource/Category:Films_about_Jews_and_Judaism"
"http://dbpedia.org/resource/New_York_Stories","http://dbpedia.org/resource/Category:Films_directed_by_Martin_Scorsese"
"http://dbpedia.org/resource/New_York_Stories","http://dbpedia.org/resource/Category:Films_set_in_New_York_City"
"http://dbpedia.org/resource/New_York_Stories","http://dbpedia.org/resource/Category:Films_shot_in_New_York_City"
"http://dbpedia.org/resource/New_York_Stories","http://dbpedia.org/resource/Category:Touchstone_Pictures_films"
"http://dbpedia.org/resource/New_York_Stories","http://dbpedia.org/resource/Category:Films_about_fictional_painters"
"http://dbpedia.org/resource/New_York_Stories","http://dbpedia.org/resource/Category:Films_about_lawyers"
"http://dbpedia.org/resource/New_York_Stories","http://dbpedia.org/resource/Category:Screenplays_by_Francis_Ford_Coppola"
"http://dbpedia.org/resource/New_York_Stories","http://dbpedia.org/resource/Category:Screenplays_by_Sofia_Coppola"
"http://dbpedia.org/resource/The_Blues_(film_series)","http://dbpedia.org/resource/Category:Films_directed_by_Mike_Figgis"
"http://dbpedia.org/resource/The_Blues_(film_series)","http://dbpedia.org/resource/Category:Films_directed_by_Wim_Wenders"
"http://dbpedia.org/resource/The_Blues_(film_series)","http://dbpedia.org/resource/Category:Films_directed_by_Clint_Eastwood"
"http://dbpedia.org/resource/The_Blues_(film_series)","http://dbpedia.org/resource/Category:Films_directed_by_Martin_Scorsese"
"http://dbpedia.org/resource/The_Blues_(film_series)","http://dbpedia.org/resource/Category:Films_directed_by_Marc_Levin"
"http://dbpedia.org/resource/The_Blues_(film_series)","http://dbpedia.org/resource/Category:Documentary_films_about_blues_music_and_musicians"
"http://dbpedia.org/resource/American_Boy:_A_Profile_of_Steven_Prince","http://dbpedia.org/resource/Category:1978_films"
"http://dbpedia.org/resource/American_Boy:_A_Profile_of_Steven_Prince","http://dbpedia.org/resource/Category:American_documentary_films"
"http://dbpedia.org/resource/American_Boy:_A_Profile_of_Steven_Prince","http://dbpedia.org/resource/Category:American_films"
"http://dbpedia.org/resource/American_Boy:_A_Profile_of_Steven_Prince","http://dbpedia.org/resource/Category:English-language_films"
"http://dbpedia.org/resource/American_Boy:_A_Profile_of_Steven_Prince","http://dbpedia.org/resource/Category:Films_directed_by_Martin_Scorsese"
"http://dbpedia.org/resource/American_Boy:_A_Profile_of_Steven_Prince","http://dbpedia.org/resource/Category:1970s_documentary_films"
"http://dbpedia.org/resource/American_Boy:_A_Profile_of_Steven_Prince","http://dbpedia.org/resource/Category:Biographical_documentary_films"
"http://dbpedia.org/resource/The_Last_Temptation_of_Christ_(film)","http://dbpedia.org/resource/Category:Adaptations_of_works_by_Nikos_Kazantzakis"
"http://dbpedia.org/resource/The_Last_Temptation_of_Christ_(film)","http://dbpedia.org/resource/Category:Films_based_on_novels"
"http://dbpedia.org/resource/The_Last_Temptation_of_Christ_(film)","http://dbpedia.org/resource/Category:Films_shot_in_Morocco"
"http://dbpedia.org/resource/The_Last_Temptation_of_Christ_(film)","http://dbpedia.org/resource/Category:Religious_epic_films"
"http://dbpedia.org/resource/The_Last_Temptation_of_Christ_(film)","http://dbpedia.org/resource/Category:The_Devil_in_fiction"
"http://dbpedia.org/resource/The_Last_Temptation_of_Christ_(film)","http://dbpedia.org/resource/Category:Film_portrayals_of_Jesus'_death_and_resurrection"
"http://dbpedia.org/resource/The_Last_Temptation_of_Christ_(film)","http://dbpedia.org/resource/Category:Films_set_in_Jerusalem"
"http://dbpedia.org/resource/The_Last_Temptation_of_Christ_(film)","http://dbpedia.org/resource/Category:Canadian_drama_films"
"http://dbpedia.org/resource/The_Last_Temptation_of_Christ_(film)","http://dbpedia.org/resource/Category:1980s_drama_films"
"http://dbpedia.org/resource/The_Last_Temptation_of_Christ_(film)","http://dbpedia.org/resource/Category:1988_films"
"http://dbpedia.org/resource/The_Last_Temptation_of_Christ_(film)","http://dbpedia.org/resource/Category:American_drama_films"
"http://dbpedia.org/resource/The_Last_Temptation_of_Christ_(film)","http://dbpedia.org/resource/Category:American_epic_films"
"http://dbpedia.org/resource/The_Last_Temptation_of_Christ_(film)","http://dbpedia.org/resource/Category:American_films"
"http://dbpedia.org/resource/The_Last_Temptation_of_Christ_(film)","http://dbpedia.org/resource/Category:American_independent_films"
"http://dbpedia.org/resource/The_Last_Temptation_of_Christ_(film)","http://dbpedia.org/resource/Category:Canadian_films"
"http://dbpedia.org/resource/The_Last_Temptation_of_Christ_(film)","http://dbpedia.org/resource/Category:Christianity_in_popular_culture_controversies"
"http://dbpedia.org/resource/The_Last_Temptation_of_Christ_(film)","http://dbpedia.org/resource/Category:English-language_films"
"http://dbpedia.org/resource/The_Last_Temptation_of_Christ_(film)","http://dbpedia.org/resource/Category:Films_about_Christianity"
"http://dbpedia.org/resource/The_Last_Temptation_of_Christ_(film)","http://dbpedia.org/resource/Category:Films_directed_by_Martin_Scorsese"
"http://dbpedia.org/resource/The_Last_Temptation_of_Christ_(film)","http://dbpedia.org/resource/Category:Films_set_in_Palestine_(region)"
"http://dbpedia.org/resource/The_Last_Temptation_of_Christ_(film)","http://dbpedia.org/resource/Category:Films_set_in_the_1st_century"
"http://dbpedia.org/resource/The_Last_Temptation_of_Christ_(film)","http://dbpedia.org/resource/Category:Films_set_in_the_Roman_Empire"
"http://dbpedia.org/resource/The_Last_Temptation_of_Christ_(film)","http://dbpedia.org/resource/Category:Obscenity_controversies_in_film"
"http://dbpedia.org/resource/The_Last_Temptation_of_Christ_(film)","http://dbpedia.org/resource/Category:Portrayals_of_Jesus_in_film"
"http://dbpedia.org/resource/The_Last_Temptation_of_Christ_(film)","http://dbpedia.org/resource/Category:Screenplays_by_Paul_Schrader"
"http://dbpedia.org/resource/The_Last_Temptation_of_Christ_(film)","http://dbpedia.org/resource/Category:Universal_Pictures_films"
"http://dbpedia.org/resource/The_Last_Temptation_of_Christ_(film)","http://dbpedia.org/resource/Category:Canadian_epic_films"
"http://dbpedia.org/resource/The_Last_Temptation_of_Christ_(film)","http://dbpedia.org/resource/Category:Biographical_films_about_Jesus"
"http://dbpedia.org/resource/The_Last_Temptation_of_Christ_(film)","http://dbpedia.org/resource/Category:Cultural_depictions_of_John_the_Baptist"
"http://dbpedia.org/resource/The_Last_Temptation_of_Christ_(film)","http://dbpedia.org/resource/Category:Portrayals_of_the_Virgin_Mary_in_film"
"http://dbpedia.org/resource/The_Last_Temptation_of_Christ_(film)","http://dbpedia.org/resource/Category:Canadian_independent_films"
"http://dbpedia.org/resource/The_Last_Temptation_of_Christ_(film)","http://dbpedia.org/resource/Category:Film_scores_by_Peter_Gabriel"
"http://dbpedia.org/resource/Boxcar_Bertha","http://dbpedia.org/resource/Category:Films_about_the_labor_movement"
"http://dbpedia.org/resource/Boxcar_Bertha","http://dbpedia.org/resource/Category:Rail_transport_films"
"http://dbpedia.org/resource/Boxcar_Bertha","http://dbpedia.org/resource/Category:1972_films"
"http://dbpedia.org/resource/Boxcar_Bertha","http://dbpedia.org/resource/Category:Films_set_in_Arkansas"
"http://dbpedia.org/resource/Boxcar_Bertha","http://dbpedia.org/resource/Category:Films_shot_in_Arkansas"
"http://dbpedia.org/resource/Boxcar_Bertha","http://dbpedia.org/resource/Category:American_International_Pictures_films"
"http://dbpedia.org/resource/Boxcar_Bertha","http://dbpedia.org/resource/Category:American_crime_thriller_films"
"http://dbpedia.org/resource/Boxcar_Bertha","http://dbpedia.org/resource/Category:American_films"
"http://dbpedia.org/resource/Boxcar_Bertha","http://dbpedia.org/resource/Category:English-language_films"
"http://dbpedia.org/resource/Boxcar_Bertha","http://dbpedia.org/resource/Category:Films_directed_by_Martin_Scorsese"
"http://dbpedia.org/resource/Boxcar_Bertha","http://dbpedia.org/resource/Category:Great_Depression_films"
"http://dbpedia.org/resource/Boxcar_Bertha","http://dbpedia.org/resource/Category:Road_movies"
"http://dbpedia.org/resource/Boxcar_Bertha","http://dbpedia.org/resource/Category:Biographical_films_about_Depression-era_gangsters"
"http://dbpedia.org/resource/Boxcar_Bertha","http://dbpedia.org/resource/Category:1970s_crime_thriller_films"
"http://dbpedia.org/resource/Boxcar_Bertha","http://dbpedia.org/resource/Category:Industrial_Workers_of_the_World_in_fiction"
"http://dbpedia.org/resource/Boxcar_Bertha","http://dbpedia.org/resource/Category:Films_produced_by_Roger_Corman"
"http://dbpedia.org/resource/Who's_That_Knocking_at_My_Door","http://dbpedia.org/resource/Category:1960s_drama_films"
"http://dbpedia.org/resource/Who's_That_Knocking_at_My_Door","http://dbpedia.org/resource/Category:Films_about_rape"
"http://dbpedia.org/resource/Who's_That_Knocking_at_My_Door","http://dbpedia.org/resource/Category:1967_films"
"http://dbpedia.org/resource/Who's_That_Knocking_at_My_Door","http://dbpedia.org/resource/Category:American_black-and-white_films"
"http://dbpedia.org/resource/Who's_That_Knocking_at_My_Door","http://dbpedia.org/resource/Category:American_drama_films"
"http://dbpedia.org/resource/Who's_That_Knocking_at_My_Door","http://dbpedia.org/resource/Category:American_films"
"http://dbpedia.org/resource/Who's_That_Knocking_at_My_Door","http://dbpedia.org/resource/Category:American_independent_films"
"http://dbpedia.org/resource/Who's_That_Knocking_at_My_Door","http://dbpedia.org/resource/Category:Directorial_debut_films"
"http://dbpedia.org/resource/Who's_That_Knocking_at_My_Door","http://dbpedia.org/resource/Category:English-language_films"
"http://dbpedia.org/resource/Who's_That_Knocking_at_My_Door","http://dbpedia.org/resource/Category:Films_about_Italian-American_culture"
"http://dbpedia.org/resource/Who's_That_Knocking_at_My_Door","http://dbpedia.org/resource/Category:Films_directed_by_Martin_Scorsese"
"http://dbpedia.org/resource/Who's_That_Knocking_at_My_Door","http://dbpedia.org/resource/Category:Films_set_in_New_York_City"
"http://dbpedia.org/resource/Who's_That_Knocking_at_My_Door","http://dbpedia.org/resource/Category:Films_shot_in_Amsterdam"
"http://dbpedia.org/resource/My_Voyage_to_Italy","http://dbpedia.org/resource/Category:Italian_films"
"http://dbpedia.org/resource/My_Voyage_to_Italy","http://dbpedia.org/resource/Category:Miramax_films"
"http://dbpedia.org/resource/My_Voyage_to_Italy","http://dbpedia.org/resource/Category:Screenplays_by_Suso_Cecchi_d'Amico"
"http://dbpedia.org/resource/My_Voyage_to_Italy","http://dbpedia.org/resource/Category:Documentary_films_about_Italian-American_culture"
"http://dbpedia.org/resource/My_Voyage_to_Italy","http://dbpedia.org/resource/Category:1999_films"
"http://dbpedia.org/resource/My_Voyage_to_Italy","http://dbpedia.org/resource/Category:American_films"
"http://dbpedia.org/resource/My_Voyage_to_Italy","http://dbpedia.org/resource/Category:Films_directed_by_Martin_Scorsese"
"http://dbpedia.org/resource/My_Voyage_to_Italy","http://dbpedia.org/resource/Category:Documentary_films_about_Italy"
"http://dbpedia.org/resource/My_Voyage_to_Italy","http://dbpedia.org/resource/Category:Documentary_films_about_film_directors_and_producers"
"http://dbpedia.org/resource/My_Voyage_to_Italy","http://dbpedia.org/resource/Category:Documentary_films_about_the_film_industry"
"http://dbpedia.org/resource/My_Voyage_to_Italy","http://dbpedia.org/resource/Category:Italian_documentary_films"
"http://dbpedia.org/resource/The_Big_Shave","http://dbpedia.org/resource/Category:Self-harm_in_fiction"
"http://dbpedia.org/resource/The_Big_Shave","http://dbpedia.org/resource/Category:1967_films"
"http://dbpedia.org/resource/The_Big_Shave","http://dbpedia.org/resource/Category:American_films"
"http://dbpedia.org/resource/The_Big_Shave","http://dbpedia.org/resource/Category:English-language_films"
"http://dbpedia.org/resource/The_Big_Shave","http://dbpedia.org/resource/Category:Short_films_directed_by_Martin_Scorsese"
"http://dbpedia.org/resource/The_Big_Shave","http://dbpedia.org/resource/Category:1960s_short_films"
"http://dbpedia.org/resource/A_Personal_Journey_with_Martin_Scorsese_Through_American_Movies","http://dbpedia.org/resource/Category:British_documentary_films"
"http://dbpedia.org/resource/A_Personal_Journey_with_Martin_Scorsese_Through_American_Movies","http://dbpedia.org/resource/Category:1990s_documentary_films"
"http://dbpedia.org/resource/A_Personal_Journey_with_Martin_Scorsese_Through_American_Movies","http://dbpedia.org/resource/Category:1995_films"
"http://dbpedia.org/resource/A_Personal_Journey_with_Martin_Scorsese_Through_American_Movies","http://dbpedia.org/resource/Category:British_films"
"http://dbpedia.org/resource/A_Personal_Journey_with_Martin_Scorsese_Through_American_Movies","http://dbpedia.org/resource/Category:Films_directed_by_Martin_Scorsese"
"http://dbpedia.org/resource/A_Personal_Journey_with_Martin_Scorsese_Through_American_Movies","http://dbpedia.org/resource/Category:History_of_film"
"http://dbpedia.org/resource/A_Personal_Journey_with_Martin_Scorsese_Through_American_Movies","http://dbpedia.org/resource/Category:Documentary_films_about_the_cinema_of_the_United_States"
"http://dbpedia.org/resource/A_Personal_Journey_with_Martin_Scorsese_Through_American_Movies","http://dbpedia.org/resource/Category:Documentary_films_about_film_directors_and_producers"
"http://dbpedia.org/resource/Made_in_Milan","http://dbpedia.org/resource/Category:1990_films"
"http://dbpedia.org/resource/Made_in_Milan","http://dbpedia.org/resource/Category:Screenplays_by_Jay_Cocks"
"http://dbpedia.org/resource/Made_in_Milan","http://dbpedia.org/resource/Category:American_films"
"http://dbpedia.org/resource/Made_in_Milan","http://dbpedia.org/resource/Category:English-language_films"
"http://dbpedia.org/resource/Made_in_Milan","http://dbpedia.org/resource/Category:Short_films_directed_by_Martin_Scorsese"
"http://dbpedia.org/resource/Made_in_Milan","http://dbpedia.org/resource/Category:Short_documentary_films"
"http://dbpedia.org/resource/Made_in_Milan","http://dbpedia.org/resource/Category:Documentary_films_about_fashion_designers"
"http://dbpedia.org/resource/Made_in_Milan","http://dbpedia.org/resource/Category:1990_short_films"
"http://dbpedia.org/resource/The_Key_to_Reserva","http://dbpedia.org/resource/Category:2007_films"
"http://dbpedia.org/resource/The_Key_to_Reserva","http://dbpedia.org/resource/Category:English-language_films"
"http://dbpedia.org/resource/The_Key_to_Reserva","http://dbpedia.org/resource/Category:Spanish_films"
"http://dbpedia.org/resource/The_Key_to_Reserva","http://dbpedia.org/resource/Category:Short_films_directed_by_Martin_Scorsese"
"http://dbpedia.org/resource/The_Key_to_Reserva","http://dbpedia.org/resource/Category:Films_about_film_directors_and_producers"
"http://dbpedia.org/resource/The_Key_to_Reserva","http://dbpedia.org/resource/Category:2000s_short_films"
